,avg_bbox_longevity,90p_bbox_longevity,10p_bbox_longevity,avg_num_bboxes,90p_num_bboxes,10p_num_bboxes,avg_bbox_size,90p_bbox_size,10p_bbox_size,avg_bbox_speed,90p_bbox_speed,10p_bbox_speed,avg_ego_speed,90p_ego_speed,10p_ego_speed,time_of_day,weather,location,scenario_name
0,48.35820895522388,100.0,13.600000000000001,32.4,41.0,25.0,7488.619566156906,10091.835839913456,4306.799726573592,29.764498675812785,37.412672810119744,20.235205934530132,13.419996476698252,15.607966401274977,9.4320662551512,Day,sunny,location_other,training_0005-S21-P0_2
1,60.22222222222222,98.0,17.200000000000003,38.714285714285715,44.0,35.0,8287.70373835311,11054.585518388347,4216.397581377656,25.344152713795623,31.486917338429762,20.032214640578907,2.5253322547873482,7.0000798777542474,0.0,Day,sunny,location_other,training_0005-S21-P1_2
2,85.6590909090909,100.0,45.599999999999994,37.69,39.0,36.0,13121.754285496676,16564.895231535258,9534.13052958583,18.588178509237984,23.388962520013784,13.15532427887764,0.0,0.0,0.0,Day,sunny,location_sf,training_0000-S23-P0_2
3,68.98076923076923,99.0,13.1,36.23232323232323,40.0,31.0,8164.590643026261,12373.620486856675,3292.422996471374,20.713871487517256,29.423188669778362,7.568382853802049,0.3894469832776234,1.218553016628417,0.0,Day,sunny,location_sf,training_0000-S23-P1_2
4,44.986111111111114,100.0,6.0,32.39,36.0,28.9,9279.221454217102,16265.169358531835,4765.897599495092,33.52573592667413,40.96189995284474,25.675058057445288,12.792213822373638,14.327368477141906,11.733382304115496,Day,sunny,location_phx,training_0002-S1-P0_2
5,58.295081967213115,99.0,20.0,35.91919191919192,39.0,32.8,5085.275432074337,9890.207906463233,2285.170594942004,24.423590917926468,36.147783163389285,13.342083875781785,6.275974318016234,12.118062641202055,1.3232203869022314,Day,sunny,location_phx,training_0002-S1-P1_2
6,62.958333333333336,85.0,28.200000000000003,15.11,19.0,4.0,35120.48252054414,68381.93691406891,20003.360332679178,91.13867676293933,215.88669531852435,31.609342571612103,6.6552497945098095,7.99271269274731,5.098441210586176,Day,sunny,location_sf,training_0000-S3-P0_2
7,40.625,78.5,12.0,6.63265306122449,14.0,2.0,71985.34866806632,130312.23472379352,41183.70861111744,62.12752801265997,88.37435466406347,22.313555344810176,3.9583655001229867,7.26553368846587,0.6746272514705881,Day,sunny,location_sf,training_0000-S3-P1_2
8,63.36842105263158,100.0,14.399999999999999,12.04,13.0,11.0,29573.16627142217,34151.68640333137,25640.832102424443,42.75464220880501,75.48702014808576,22.37784048697631,0.00512254134923999,0.019556177599100708,0.0,Dawn/Dusk,sunny,location_phx,training_0002-S20-P0_2
9,51.90909090909091,72.0,10.600000000000001,11.535353535353535,17.0,2.8000000000000007,99770.97592072106,273991.8419404476,25404.488228319842,51.45345666205952,103.11953560281044,23.376156453672635,0.009088535555406795,0.014062274644154958,0.0,Dawn/Dusk,sunny,location_phx,training_0002-S20-P1_2
10,66.8,100.0,14.9,20.04,27.0,15.0,8962.640249382357,12206.269031631893,5894.864762685111,30.53647930582413,35.32618722609299,23.846479745693347,7.391484334787964,9.71807685031698,4.797549499082202,Day,sunny,location_sf,training_0002-S15-P0_2
11,58.44444444444444,95.19999999999999,15.5,10.73469387755102,13.0,10.0,12324.73498545072,21617.98038606701,2025.2883129673382,33.328135894001285,53.093889303932315,12.460337498253159,10.307965002347409,10.557064107487298,10.100955908219674,Day,sunny,location_sf,training_0002-S15-P1_2
12,50.234375,95.0,9.500000000000004,32.15,36.0,28.0,13047.595576388556,15318.302910969058,9178.097071717648,36.29021761590779,53.308755120974176,27.39785247855707,6.66469169386452,7.807833281220724,5.628395980196432,Day,sunny,location_sf,training_0001-S1-P0_2
13,49.09090909090909,96.5,7.5,32.72727272727273,37.0,30.0,8157.137913097012,11346.08397373717,4380.7615276084925,53.285846581267,104.99473922226451,18.11658761238453,3.335225062592993,6.683243804950469,0.9588585277819934,Day,sunny,location_sf,training_0001-S1-P1_2
14,33.838095238095235,100.0,7.0,35.53,42.0,31.0,1848.7807654934766,2558.1579334081507,1237.4902782492566,41.57227645931228,46.85679665843334,35.84990771244481,27.496039218988606,28.64006413332015,25.517897032643223,Day,sunny,location_phx,training_0005-S14-P0_2
15,40.154639175257735,99.0,8.0,39.343434343434346,42.0,37.0,2803.9839385871264,4555.975209013634,1688.0243963760881,37.71306722347963,43.31286107734962,30.21156479613728,26.384678489129254,27.568623476101248,25.251114796757136,Day,sunny,location_phx,training_0005-S14-P1_2
16,70.36585365853658,99.0,19.0,28.85,31.0,27.0,12146.852469535746,16217.491044230143,6056.7512971743145,37.01744081670016,55.74284603258568,22.109915335675275,3.089090114478199,5.740680610828736,0.8530809634054942,Day,sunny,location_phx,training_0001-S2-P0_2
17,67.1842105263158,99.0,14.0,25.78787878787879,28.0,25.0,5653.199686357751,7641.307838948328,4090.709757262711,28.522836618227625,44.82588661213052,16.8428642294934,0.11435990874890047,0.4162287523389502,0.0,Day,sunny,location_phx,training_0001-S2-P1_2
18,43.21739130434783,88.6,2.0,9.94,12.0,3.0,13895.779547352819,18819.828653760997,5737.830818943081,85.69309215272673,370.61804477370595,10.567074635982012,5.846008865618679,8.700074047343158,3.9515389613556247,Day,sunny,location_phx,training_0005-S17-P0_2
19,85.29411764705883,98.0,51.4,14.795918367346939,15.0,14.0,5389.285759752344,9978.109089589641,2177.3189742468358,64.6454243423021,176.06405818963924,16.020366342895393,8.017292846973902,9.056120014990341,5.722021135955825,Day,sunny,location_phx,training_0005-S17-P1_2
20,39.0,71.60000000000001,15.8,1.95,3.0,1.0,178376.09185222987,329757.62039315986,17310.932141168985,51.24301209182189,96.33519366161987,25.728705616706748,0.378386170054913,0.5786223071755807,0.19389021118805033,Day,sunny,location_other,training_0005-S4-P0_2
21,0.0,0.0,0.0,0.0,0.0,0.0,0.0,0.0,0.0,0.0,0.0,0.0,0.04230811778749143,0.1712889639665146,0.0,Day,sunny,location_other,training_0005-S4-P1_2
22,67.04545454545455,100.0,23.3,14.75,18.0,10.0,15886.783457050476,26590.571051581886,9696.716307159983,36.77811921808384,47.320232815893235,27.433221025697662,9.04192796450981,9.824998253742306,8.543485851556058,Day,sunny,location_phx,training_0000-S19-P0_2
23,29.785714285714285,46.1,4.3,4.255102040816326,7.0,2.0,62920.576119473604,136246.93443483743,9387.0543000492,194.8546801464347,404.27528772595076,28.32352920924223,6.575919789214266,8.20647495299143,5.263265902376386,Day,sunny,location_phx,training_0000-S19-P1_2
24,62.1,100.0,7.5,6.21,7.0,6.0,9926.694380199895,13566.830726316497,7654.337802771789,36.23340984388611,64.35820422995963,18.631423722523536,15.690846289207443,15.7508984570853,15.615056222315957,Night,sunny,location_other,training_0002-S3-P0_2
25,50.888888888888886,89.0,15.6,5.146067415730337,7.0,4.0,11428.46565468766,16121.006747661795,8965.550351122334,40.51573185122353,63.103340321454695,23.349499467586874,15.655286369073954,15.745793068271789,15.539204878864048,Night,sunny,location_other,training_0002-S3-P1_2
26,67.61538461538461,91.0,18.0,43.95,48.10000000000001,33.7,16881.76970311664,21690.59144971462,14335.406080567594,19.925017714830258,29.91439239650455,14.018608476462141,0.0,0.0,0.0,Day,sunny,location_sf,training_0002-S18-P0_2
27,73.80645161290323,99.0,34.0,46.22222222222222,50.0,42.0,14465.785166232563,15641.785828741547,12290.42639439549,14.366824803657236,22.510348972485602,5.119951637556061,0.15572550365615417,0.5361433740411694,0.0,Day,sunny,location_sf,training_0002-S18-P1_2
28,60.2,78.4,36.2,3.01,4.0,2.0,4864.426390523209,12546.090071155133,1312.051460761912,82.98363597123829,165.184677076456,20.219107874629103,11.176071694383408,11.203695710674383,11.138417569020623,Dawn/Dusk,sunny,location_phx,training_0004-S3-P0_2
29,64.0,90.0,25.600000000000005,2.585858585858586,3.0,1.8000000000000007,1652.9065676681291,1256.4472986008398,498.7653787676991,36.80197954556667,52.57561332659862,7.656082435387988,11.088761560165034,11.208262726576505,10.935036440013214,Dawn/Dusk,sunny,location_phx,training_0004-S3-P1_2
30,31.93548387096774,100.0,8.0,9.9,20.0,6.0,10144.797088325786,23558.410108223055,695.2922280017449,56.58859361561064,129.95580439268946,14.510560308031295,3.15352034323284,3.755763636661156,2.306335989810581,Day,sunny,location_phx,training_0004-S22-P0_2
31,34.44,98.0,7.600000000000001,8.785714285714286,18.0,5.0,14745.091741537823,47756.842039010575,1142.6544683654117,60.42817774566289,196.0487986293479,1.051315353608627,2.856819938403685,3.423169391923177,2.4674037388197583,Day,sunny,location_phx,training_0004-S22-P1_2
32,35.0,43.8,25.6,3.15,8.100000000000009,0.0,1428.013897838033,2463.323887203116,591.2641696792373,91.17786921291189,132.30044306738338,32.08632091306922,11.238350216354727,12.245248108485306,10.038104077589843,Dawn/Dusk,sunny,location_phx,training_0004-S7-P0_2
33,16.25,21.0,12.4,1.3131313131313131,7.0,0.0,3889.175281555228,4808.0131513892975,3169.008419308427,471.23444413429445,492.2794213060109,448.41059618397134,9.411497283999989,11.210286235230555,7.067485961464273,Dawn/Dusk,sunny,location_phx,training_0004-S7-P1_2
34,48.68571428571428,87.2,12.4,17.04,22.0,13.0,16010.705727265713,25277.030528087424,9275.744450975277,44.56161642708087,65.56063135947495,31.122949752617696,6.491364123612077,8.59472504685889,3.4640581100744643,Night,sunny,location_sf,training_0000-S7-P0_2
35,58.357142857142854,97.0,5.900000000000001,16.84536082474227,21.400000000000006,15.0,8418.23295082423,9517.956013486542,6102.5848055279075,13.284321819181326,30.130681995657614,1.805860280622776,2.67828853993411,6.6661561529418,0.0,Night,sunny,location_sf,training_0000-S7-P1_2
36,50.98701298701299,100.0,12.0,39.26,56.10000000000001,31.0,67222.19640076574,86694.59803864599,17270.576055942816,40.767353959096255,71.64414004780619,9.78222716440555,0.7188454916403234,1.7677482830564,0.00643780105236945,Dawn/Dusk,sunny,location_sf,training_0002-S17-P0_2
37,67.36206896551724,98.0,18.700000000000003,39.86734693877551,44.0,35.0,59407.81809512535,78254.22762786035,43037.54004743777,37.24027448469296,51.21824376759302,26.32011417992774,0.0,0.0,0.0,Dawn/Dusk,sunny,location_sf,training_0002-S17-P1_2
38,48.5,80.5,12.5,2.91,4.0,2.0,2124.4341869865907,6107.628719842697,285.2177385914995,30.100358422329645,68.33946116181173,8.037189304669935,20.436343688331984,20.920614804507814,19.662094598915456,Dawn/Dusk,sunny,location_phx,training_0002-S12-P0_2
39,34.8,62.19999999999999,19.0,5.2727272727272725,7.0,4.0,4449.843388216059,9687.567231655285,592.0761237824261,70.38779385819221,138.00620666297024,16.40375037651924,21.334952255623442,21.617905565828856,21.00459293570977,Dawn/Dusk,sunny,location_phx,training_0002-S12-P1_2
40,27.166666666666668,41.0,11.0,1.63,4.0,0.0,516.5016144610603,876.5379183533076,176.2455553517908,70.16326708827793,78.7423615035344,63.35118351709596,10.8721568590374,11.208726673609238,9.876164105165618,Day,sunny,location_phx,training_0002-S21-P0_2
41,10.5,16.300000000000004,6.3,0.42857142857142855,2.0,0.0,1291.4799637725555,3057.011880771721,217.80263674260044,226.98440183826352,371.89217917559597,66.74307945092602,6.094810460154038,7.879311180992316,4.728710878617572,Day,sunny,location_phx,training_0002-S21-P1_2
42,42.5,79.0,13.5,2.55,4.0,1.0,2590.1602019081456,4224.363501553991,1319.8002084152563,45.903800270532756,96.18774866665375,21.686994705386525,6.37639311049041,8.596176434810372,4.205606841825184,Dawn/Dusk,sunny,location_phx,training_0005-S8-P0_2
43,55.8,85.2,22.6,2.90625,4.0,2.0,6011.9264416038595,10645.639675810098,3417.7927823302643,36.69836259228828,61.243476999182484,7.65121663648788,7.7502762379065535,9.127384138789322,5.041666180621585,Dawn/Dusk,sunny,location_phx,training_0005-S8-P1_2
44,69.84745762711864,100.0,15.600000000000001,41.21,47.10000000000001,32.9,16566.080452823615,18941.00643482889,15227.035688153546,21.047511374074215,33.80489559324703,8.364418443931992,1.6518727706181164,3.596710898245745,0.007363815896989989,Night,sunny,location_sf,training_0005-S7-P0_2
45,54.53968253968254,98.0,10.0,35.06122448979592,44.0,29.700000000000003,19979.081390266325,26417.454636697483,14999.743509893797,26.03302841758173,36.33278581823524,17.725972212927697,3.073738146987673,4.827871408543788,0.24028556573722845,Night,sunny,location_sf,training_0005-S7-P1_2
46,67.73846153846154,100.0,6.4,44.03,46.10000000000001,42.0,22361.310465765546,23560.81351160303,21329.29429024133,14.623067043026035,25.001640707453475,5.062535317495515,0.0,0.0,0.0,Day,sunny,location_sf,training_0003-S12-P0_2
47,69.08620689655173,98.0,23.2,40.88775510204081,45.0,35.7,18327.56803634615,24362.96089636121,10899.621043019793,16.005896111034936,24.992853535445033,8.535864909352394,1.2831482604272222,2.361473002518767,0.20960442783001104,Day,sunny,location_sf,training_0003-S12-P1_2
48,45.541666666666664,100.0,9.100000000000001,21.86,25.0,19.0,2868.734858917468,6026.344025930537,1545.4058887237907,31.87492769861525,64.27185057762983,15.692869228728757,10.812132324494064,11.463993058638819,9.597382768706314,Dawn/Dusk,sunny,location_sf,training_0001-S21-P0_2
49,69.51612903225806,99.0,11.0,21.767676767676768,24.0,20.0,15126.449632602085,33633.161726563,1805.9634840710623,23.192249681357573,41.13517397210896,11.72717360481427,5.504445668971836,8.753647539008314,1.5649759037246906,Dawn/Dusk,sunny,location_sf,training_0001-S21-P1_2
50,56.75,100.0,9.0,27.24,31.0,25.0,12374.696777224446,18326.71733921606,5308.179409553801,36.58913454179333,51.45312615260903,21.932677874537323,7.289207202853047,7.486079028620586,6.964458122285876,Day,sunny,location_sf,training_0001-S7-P0_2
51,67.51724137931035,99.0,9.600000000000001,19.77777777777778,25.200000000000003,17.0,10817.941811078463,21421.8697310803,3207.3529339164825,43.206298178861736,71.29314622740138,20.0456114597546,7.207922122258768,8.618221104396271,5.942676642025706,Day,sunny,location_sf,training_0001-S7-P1_2
52,74.53333333333333,100.0,27.700000000000003,22.36,24.0,19.0,12628.465620177281,24103.422321516067,4027.702109803583,43.70010194546009,72.65098094664731,22.945732660648332,7.804723083906769,8.911742500840417,5.577221824073139,Dawn/Dusk,sunny,location_sf,training_0005-S1-P0_2
53,67.36842105263158,98.0,8.8,13.061224489795919,16.0,11.0,20745.06538123442,24575.845271611695,14360.42021618317,3.594921843480284,10.793942856726089,0.6219568024443274,0.7268138785361421,2.7477442376903976,0.0,Dawn/Dusk,sunny,location_sf,training_0005-S1-P1_2
54,48.95,100.0,13.0,29.37,33.10000000000001,25.0,4717.99882665665,10332.648146225281,1536.106466698027,35.387317680489716,47.60586787489687,24.565975805638786,17.421888613592422,20.337271299300067,15.547606283886811,Day,sunny,location_phx,training_0002-S23-P0_2
55,48.90769230769231,94.0,9.0,33.819148936170215,38.0,27.3,2321.4918097380173,3179.512943501595,1733.0454890098272,39.336766450157164,53.81699548119492,28.651775230169314,14.315569232434152,15.739382606101653,11.99332376699579,Day,sunny,location_phx,training_0002-S23-P1_2
56,39.77777777777778,91.2,7.0,3.58,5.0,2.0,118158.64329878666,187617.126151279,23679.810077161404,106.09200635380556,263.4976895504491,20.592423051661008,1.9682553870382398,3.014349349195708,0.6413127630229531,Day,sunny,location_sf,training_0003-S2-P0_2
57,30.25,56.1,8.9,6.111111111111111,11.0,1.0,110204.62333371333,469902.48815942305,8834.485961114593,246.05749882678168,549.37626573301,81.0217005127996,2.376138075633583,3.3666434534871263,1.3714816953429092,Day,sunny,location_sf,training_0003-S2-P1_2
58,58.45,100.0,10.0,11.69,15.0,10.0,16010.585089409597,28458.671711309766,11078.133917129157,21.659325021870174,49.291512276768984,2.9026458391343963,3.6023121301902266,7.762863815314516,0.2817419964254976,Day,sunny,location_sf,training_0003-S22-P0_2
59,43.75,75.0,11.5,7.142857142857143,10.0,3.0,31194.8380206152,53305.844112157865,14429.836070083364,99.24789775605689,131.08411585941732,54.24246702135594,6.316259195277859,7.231500588004787,4.208690487494363,Day,sunny,location_sf,training_0003-S22-P1_2
60,23.857142857142858,39.0,7.0,21.71,58.0,6.0,89007.55730195051,164345.2599663512,9573.442636055694,24.46963024434559,33.28283739406977,16.562859476414673,2.0011103509090393,3.002535555284979,0.8105367926553717,Day,sunny,location_sf,training_0003-S18-P0_2
61,44.71052631578947,99.0,5.900000000000002,51.484848484848484,59.0,44.0,18253.75139908084,22409.21431677141,10473.733828978697,14.137631792389097,22.008017366777125,7.919317734566853,1.319516773923921,2.5857417396813194,0.006827004738664943,Day,sunny,location_sf,training_0003-S18-P1_2
62,65.24761904761905,100.0,14.8,68.51,74.0,61.0,9604.634161410835,10785.114002515067,8453.377496775804,19.289649915624125,32.83866786855404,5.263676240816127,2.942896260205415,5.093886419851167,0.06273805609630997,Day,sunny,location_sf,training_0004-S13-P0_2
63,82.15853658536585,97.0,33.8,69.45360824742268,72.0,67.0,10975.849392623548,13053.692425868157,9688.114314778584,6.440011882652733,8.085638277355214,5.247452716247663,0.18661420268841047,0.4657498263040486,0.0,Day,sunny,location_sf,training_0004-S13-P1_2
64,68.45454545454545,99.0,22.0,7.53,9.0,6.0,4889.251520649149,9181.311506707108,3391.6467511141864,16.967969506234002,74.2055380880043,1.3123132872177177,0.01855451297700457,0.0,0.0,Day,sunny,location_phx,training_0002-S13-P0_2
65,48.07692307692308,86.80000000000001,20.800000000000004,6.313131313131313,9.0,4.0,4688.403823366515,8300.250800862143,865.2631858708269,49.25439052659174,87.07033007664806,17.290047526709927,10.850192900814504,17.297754422833833,2.5433188198529515,Day,sunny,location_phx,training_0002-S13-P1_2
66,83.2,100.0,43.2,29.12,30.0,28.0,3056.8621133774154,4336.744728140427,2101.212505546383,11.922270131486254,15.676424379928367,8.724467615474257,0.0,0.0,0.0,Day,sunny,location_other,training_0004-S20-P0_2
67,83.44117647058823,98.0,32.800000000000004,28.948979591836736,30.299999999999997,28.0,2850.18540762034,5075.677228778359,1652.409899626419,18.82726941956569,44.3060359470609,5.84883895455591,0.7680558773614303,2.804562597622559,0.0,Day,sunny,location_other,training_0004-S20-P1_2
68,51.18181818181818,96.0,20.0,5.63,7.0,5.0,48986.86506883357,63015.61588126214,30862.747503114588,101.80231468101682,164.42439927900813,37.56428689164825,0.0,0.0,0.0,Day,sunny,location_sf,training_0004-S10-P0_2
69,44.6,78.39999999999999,9.6,4.597938144329897,7.0,3.0,114162.96851643408,261053.89317985252,24965.87267715406,108.26391633803657,180.9768456895477,53.152578303437416,0.11460290344283272,0.6859644444854052,0.0,Day,sunny,location_sf,training_0004-S10-P1_2
70,32.44444444444444,39.2,24.599999999999998,2.92,7.0,0.0,54368.79103747226,115439.34620784425,8265.619435187218,221.25613608755893,435.8446009747331,33.87415140376504,3.278698360629234,5.076474449809534,1.615467112293921,Day,sunny,location_phx,training_0005-S23-P0_2
71,59.8,83.4,42.8,3.082474226804124,5.0,1.0,55897.66942980462,102914.98662187671,16810.63295268957,50.13262684082613,78.94834617827709,30.583316760048156,4.13705751405251,5.383996414665996,2.4391579921705366,Day,sunny,location_phx,training_0005-S23-P1_2
72,56.888888888888886,100.0,17.6,5.12,6.0,4.0,1122.0422984417655,2231.9371875251386,368.6050338015249,17.919054899600827,36.61093728904105,4.663627455663484,13.206261592386763,14.146204478231098,11.85247012024926,Night,sunny,location_phx,training_0001-S6-P0_2
73,58.45454545454545,97.0,27.0,6.628865979381444,9.0,4.0,5360.546130986004,9520.619871090004,2727.351443494855,32.85750810997073,112.84015042158586,6.690065699490471,7.417482299958612,10.62029353638927,4.798399733816259,Night,sunny,location_phx,training_0001-S6-P1_2
74,32.666666666666664,64.1,11.1,3.92,8.0,0.0,14019.030351977199,25807.925478687073,162.11536917983966,91.1041525447262,158.88942763326668,33.02649820138208,12.792003036400143,13.25328532009136,12.468108700773012,Day,sunny,location_other,training_0002-S8-P0_2
75,58.69230769230769,92.60000000000001,15.0,8.031578947368422,12.0,4.0,3551.0176789498423,11242.18318703603,426.0634436850479,23.735509177001905,52.391706516430055,10.949446046784377,11.802478531015145,12.224374949085947,10.897386251975355,Day,sunny,location_other,training_0002-S8-P1_2
76,62.03448275862069,92.0,23.8,35.98,44.0,17.700000000000003,2583.85918418956,3136.6157105058846,1878.5362279842498,66.6482277449304,230.33299738548862,10.86364377291883,3.9662821982872227,5.586730267512532,0.115277049510246,Day,sunny,location_phx,training_0004-S21-P0_2
77,87.92857142857143,99.0,64.1,37.303030303030305,39.0,32.0,3142.8223787080356,3370.685507353519,2857.608423243775,11.828189484185467,25.134657536039306,3.170899288685884,1.677902803196254,5.179882868462107,0.0,Day,sunny,location_phx,training_0004-S21-P1_2
78,49.588235294117645,77.0,17.8,8.43,12.0,1.0,196062.84305201977,885146.5649121304,32363.564862315547,83.94901088393402,215.046520209506,22.90919305270471,3.9569719816840556,4.506706298753246,3.460149700710862,Day,sunny,location_phx,training_0000-S21-P0_2
79,38.74285714285714,69.6,6.800000000000001,13.696969696969697,20.0,7.0,19586.827874649724,34781.86184177194,11793.631933162756,38.34063494791242,62.348773143551426,18.166155300576133,6.357504969127559,6.892873349026404,5.309896796817624,Day,sunny,location_phx,training_0000-S21-P1_2
80,37.3,92.20000000000002,6.0,29.84,34.0,25.0,2186.7843467174903,3222.4023215490697,1647.3050038209303,36.21198958165305,46.1926696184979,26.88240988670544,21.885865649729567,24.662038702959958,18.305565462446708,Day,sunny,location_phx,training_0000-S11-P0_2
81,45.0921052631579,98.0,9.0,34.96938775510204,38.0,32.0,1809.716314545302,2194.9725728055446,1307.6106721540677,31.02620885661546,35.78959917435928,26.94616710820076,16.245558969548934,16.786034805998455,15.766645373339864,Day,sunny,location_phx,training_0000-S11-P1_2
82,62.833333333333336,100.0,15.600000000000001,18.85,21.0,16.0,5238.1497952504715,10550.617843238506,1102.6648631175096,43.35499832074393,65.90429845756054,14.108470186389745,10.535763410539392,11.920107631047966,8.068369461693225,Day,sunny,location_phx,training_0001-S4-P0_2
83,64.95,98.0,6.8,13.255102040816327,14.0,12.0,3276.6637252929813,12986.927561192046,513.1625585560437,20.560896750359078,29.279342503810504,12.057424616155307,13.378304003158588,13.510727682158771,13.286206787403845,Day,sunny,location_phx,training_0001-S4-P1_2
84,74.0,100.0,45.400000000000006,5.92,7.0,4.0,30548.25676553389,84903.54923016291,3905.488489063052,66.93398541131013,118.96980692425686,20.937451333105102,7.3902032801262045,7.966455946859492,6.1011708584341084,Day,sunny,location_sf,training_0001-S3-P0_2
85,10.75,21.700000000000003,2.0,0.43434343434343436,1.0,0.0,53572.59014115232,184590.10243868403,4050.8978047341816,63.28614860168292,123.85081731912265,25.28038614523207,2.0169869935212503,5.526230700802735,0.004367593853267484,Day,sunny,location_sf,training_0001-S3-P1_2
86,41.88333333333333,100.0,9.0,25.13,29.10000000000001,23.0,7789.264087459452,8362.718876450339,7264.91700832389,36.93594941095198,54.265883807374024,19.687973861734207,28.486325450959498,29.335051799423166,27.702243146924722,Day,sunny,location_phx,training_0001-S22-P0_2
87,58.21311475409836,99.0,22.0,35.86868686868687,42.2,29.0,4509.580367621692,7265.04071342527,1748.4804266310493,35.523465901414305,49.82653082446646,19.076982829051563,28.762671047079998,29.504516894816945,28.03089479141839,Day,sunny,location_phx,training_0001-S22-P1_2
88,91.25,100.0,70.0,21.9,23.0,21.0,15697.945763231173,18715.732357942958,10633.233825976755,3.7900402211606075,6.893729320234105,1.5947590190651466,0.7494130520258645,2.349544601272018,0.0,Day,sunny,location_other,training_0005-S13-P0_2
89,81.35714285714286,99.0,18.400000000000002,23.01010101010101,25.0,22.0,13296.532821231849,15548.435887834847,10796.674041642198,3.8309794165232445,5.711191049048615,1.9645781883996265,0.0,0.0,0.0,Day,sunny,location_other,training_0005-S13-P1_2
90,82.54285714285714,100.0,37.2,28.89,31.0,26.0,17372.408466096313,21740.17731998972,15205.150610879125,6.829063345350108,13.189981863194365,2.7371432588679796,0.0,0.0,0.0,Day,sunny,location_sf,training_0000-S8-P0_2
91,83.94117647058823,99.0,58.6,28.828282828282827,31.0,24.0,13412.539526902154,18790.888797597356,9514.529128855418,22.124118005126228,36.13246593107007,10.499635932688157,3.6513196687547564,7.036086349949475,0.0,Day,sunny,location_sf,training_0000-S8-P1_2
92,55.5,98.50000000000001,14.9,7.77,12.100000000000009,4.0,13954.11521584411,39670.68826036932,1437.6569648724019,100.54246911081526,205.9028007822037,10.995079859486946,8.59519405849115,15.081832117150743,0.6661445835645698,Day,sunny,location_phx,training_0002-S10-P0_2
93,55.8125,99.0,14.5,9.02020202020202,12.0,7.0,1385.3776828563634,2522.7836651144826,778.4641421077856,13.806105663073813,27.248628607627403,6.232174616403034,19.6829802639496,20.27502738262537,18.35049363318286,Day,sunny,location_phx,training_0002-S10-P1_2
94,56.44827586206897,100.0,12.6,49.11,56.10000000000001,39.0,5041.5223142273535,7267.208007206801,3216.4996926718654,23.103092886364912,26.434034374635907,18.908097699567175,6.658438064625144,6.772189128586662,6.4795696218412004,Day,sunny,location_phx,training_0004-S12-P0_2
95,58.76086956521739,98.0,11.5,27.581632653061224,35.0,20.0,6301.219899665964,9192.860699810279,3997.127572375437,22.497646975695694,26.314132247206985,19.065247764390897,5.797261312473049,6.695487266254301,4.604689732994105,Day,sunny,location_phx,training_0004-S12-P1_2
96,76.73333333333333,100.0,44.4,34.53,39.0,29.0,28864.209709769617,45231.98515344898,19868.999182244053,14.4754936286407,30.67354450494019,5.4788429011051925,1.3466777421263691,3.331630412273435,0.0,Day,sunny,location_sf,training_0001-S9-P0_2
97,47.02127659574468,98.0,10.600000000000001,22.551020408163264,32.0,16.700000000000003,20616.08869889441,28242.780275005895,15571.76263958856,21.071321193587163,31.751899511540636,11.315140544883214,2.1919654552151924,2.7469297308061,1.375921216493566,Day,sunny,location_sf,training_0001-S9-P1_2
98,48.824742268041234,79.80000000000001,10.600000000000001,47.36,61.0,23.6,8620.797957457293,10412.368220137252,7024.275782396699,114.27686904924313,254.7996196098569,17.413001720097537,3.7454266618411385,5.295781077941245,1.4964047539028642,Day,sunny,location_sf,training_0000-S4-P0_2
99,78.73255813953489,98.0,32.0,69.09183673469387,72.0,65.0,10513.896675921087,11661.694396843593,9168.422509531565,13.294332572407166,17.039717012704465,7.950865975580907,0.035251511992129336,0.02420076536224461,0.0,Day,sunny,location_sf,training_0000-S4-P1_2
100,65.5,83.5,47.5,1.31,2.0,0.0,14134.968839359273,18343.609322492877,8601.089949913774,33.19207459799487,58.995543004477156,7.175651694848016,2.1985633388462,4.556710364052461,0.17998313409950717,Day,sunny,location_phx,training_0003-S5-P0_2
101,61.25,81.1,36.400000000000006,2.474747474747475,3.0,1.0,6501.189081739672,16580.804135626175,1516.6803760391244,122.43054420457577,421.984386870266,8.18256150440699,5.170574837166495,5.920933871422566,3.8129424150501476,Day,sunny,location_phx,training_0003-S5-P1_2
102,13.5,16.3,10.7,0.27,1.1000000000000085,0.0,2584.188777336388,3944.182364088749,651.6675149362659,45.039051902335295,53.44921742055208,35.49108949490285,9.042517422594605,9.49251139326363,8.896307609636393,Day,sunny,location_other,training_0005-S20-P0_2
103,37.5,41.1,33.9,0.7575757575757576,2.0,0.0,7710.864297071308,10943.535368254383,4750.371244778851,51.43409176577396,63.4882753116067,39.82818456762992,6.150067274598849,8.449697641920732,3.323064161884112,Day,sunny,location_other,training_0005-S20-P1_2
104,84.42307692307692,100.0,23.0,21.95,24.0,21.0,11392.699335379373,20825.807820031867,6100.614969928842,21.478266701810597,31.870330698214573,10.225136719783972,1.5473058155804327,3.2496424142243905,0.017259271212036235,Day,sunny,location_sf,training_0001-S20-P0_2
105,73.04545454545455,99.0,35.5,16.232323232323232,20.0,11.0,30277.591128209722,63499.26518231239,11846.999940531903,54.108394300578226,83.55828568499766,28.652039857382583,4.623758671355696,5.715413125756846,3.497400929357401,Day,sunny,location_sf,training_0001-S20-P1_2
106,40.54545454545455,100.0,4.0,31.22,33.0,29.0,2776.7846279740797,3781.233513920531,1368.4544307085628,30.367278441278472,45.42012096247947,14.1381754021365,28.1473452702932,29.599993773852308,25.277274360907665,Day,sunny,location_phx,training_0001-S17-P0_2
107,47.90625,99.0,8.0,30.96969696969697,37.0,26.0,8410.781952172163,11354.746748301332,4883.664198435088,17.530280885624062,29.460156005405768,9.370524206244147,29.180455555608898,29.493170079191046,28.880068069224762,Day,sunny,location_phx,training_0001-S17-P1_2
108,48.86206896551724,100.0,5.4,28.34,37.0,24.0,8212.9758307618,9570.123150886673,6466.516678420345,33.55036634518801,43.50884020752858,23.352405888740044,28.73800755166612,29.105138223756356,28.35436643970984,Day,sunny,location_phx,training_0004-S6-P0_2
109,44.46511627906977,98.0,10.5,39.02040816326531,51.0,26.7,9212.162923967748,17207.696189822662,4680.226984014134,27.65550061323967,38.84977141591234,19.674964812879125,28.38411501224879,28.761427131334493,28.034104689483158,Day,sunny,location_phx,training_0004-S6-P1_2
110,76.8076923076923,100.0,28.0,19.97,22.0,18.0,9256.415924107903,12962.419010113284,6173.033322420945,20.683302329440238,32.59577465651015,10.289335151054743,5.117727127243925,6.967045460354043,3.2404969280671603,Day,sunny,location_sf,training_0003-S13-P0_2
111,85.15,99.0,69.5,17.2020202020202,19.0,12.8,12397.95255467391,18813.416348448853,9138.6202977028,33.817011889851464,62.38989847844286,8.345570078607492,4.55361493737578,8.752401441012834,0.4642507432916567,Day,sunny,location_sf,training_0003-S13-P1_2
112,49.84615384615385,100.0,11.8,32.4,38.0,27.0,4487.394175712662,7358.37873163923,1956.7281168206512,42.818768004393334,51.96275148609875,32.07417184179981,17.18403214172427,17.72657549280677,16.394496621336298,Day,sunny,location_phx,training_0005-S2-P0_2
113,39.32142857142857,98.0,6.0,11.23469387755102,20.299999999999997,7.0,4052.2180037543662,8825.735637094947,1868.8547573944293,32.83688324295174,54.026208827391955,13.005819592898032,18.523316095946047,19.616633427392042,17.360584233391993,Day,sunny,location_phx,training_0005-S2-P1_2
114,48.39393939393939,98.60000000000001,20.2,15.97,26.0,7.0,2598.951244984656,3731.1200147913455,911.6796644436156,40.11803052300309,57.33699825136876,9.189809408202157,18.03557304040534,19.08936594256914,17.029245917117056,Day,sunny,location_phx,training_0004-S0-P0_2
115,66.54545454545455,99.0,18.0,7.393939393939394,8.0,7.0,4919.163914893399,8871.755118858662,681.6983181026037,18.31169164799015,28.92753373365249,5.502642529412112,18.413493609172384,18.89143066182308,17.813936230890683,Day,sunny,location_phx,training_0004-S0-P1_2
116,48.583333333333336,100.0,7.5,17.49,20.200000000000017,14.0,2637.31058994032,3809.8785175152216,1785.3412214006937,30.944401981531858,47.617479956894016,18.809625579713614,20.153617927853464,20.220866846527624,20.084069617691085,Day,sunny,location_phx,training_0003-S4-P0_2
117,58.166666666666664,98.0,20.8,10.683673469387756,13.0,8.0,2849.0992286609253,5032.632920377924,1182.2517002852508,24.199209355335256,44.90929637180127,9.722558178689276,20.121173112959596,20.213697135728196,20.019565287031426,Day,sunny,location_phx,training_0003-S4-P1_2
118,25.0,45.60000000000001,7.3,3.5,8.0,0.0,15048.754764374193,50778.311266265,1856.0333427954079,143.90447337358816,496.56382594163506,15.290744945822375,5.133725159371761,9.999309189768857,0.23770596227936588,Night,sunny,location_phx,training_0000-S12-P0_2
119,43.5,98.0,6.6,6.214285714285714,7.0,5.0,4753.77713608883,8061.8841720567325,1870.190662711229,29.1587849562521,49.39294173342091,13.588193261342925,11.152753796179551,11.223083995786107,11.041474527269955,Night,sunny,location_phx,training_0000-S12-P1_2
120,33.0,83.2,8.4,2.97,6.0,1.0,26941.03505258375,48554.17137355064,11359.12553679717,58.50048761251205,89.10806076836137,37.17639215833914,6.109867685807938,6.496774937398493,4.759479933786166,Dawn/Dusk,sunny,location_sf,training_0000-S10-P0_2
121,81.0,99.0,55.0,3.272727272727273,4.0,2.0,8667.840390146508,11228.2710955161,6709.980624655329,25.76682736403351,47.896840261108494,5.002838399034376,2.1595893417457375,3.5299669729119594,0.2235662481439693,Dawn/Dusk,sunny,location_sf,training_0000-S10-P1_2
122,36.95,51.0,17.7,7.39,15.0,0.0,14378.29933734719,19729.531771039816,9026.70722717854,182.65675822994217,509.10340532024446,25.482679748057997,2.8115538561549562,3.4929980225545547,2.10737152614668,Night,sunny,location_phx,training_0000-S18-P0_2
123,50.714285714285715,90.4,25.6,7.244897959183674,13.0,3.0,14047.34113408129,21448.585526013932,6461.803585703455,62.92624432165136,104.91745278338018,26.74819173766446,1.8107785552833389,2.9403256491398633,0.5519164155141292,Night,sunny,location_phx,training_0000-S18-P1_2
124,45.2,87.6,5.4,2.26,3.0,0.0,12872.684687184215,25176.226622571605,5651.38006457832,121.62999979447358,309.01903513414356,40.186212812766485,3.563562435332788,3.817693331902834,3.27960907242101,Day,sunny,location_sf,training_0002-S4-P0_2
125,48.0,67.8,31.8,1.4545454545454546,2.200000000000003,0.0,1627.5582445528025,3157.340420911495,291.60023344110004,101.17552965883567,312.09515643451186,5.396307325505249,4.204370070775163,4.475038913973124,3.9041766755270624,Day,sunny,location_sf,training_0002-S4-P1_2
126,63.333333333333336,100.0,13.400000000000002,43.7,48.0,37.0,6501.162390583884,9181.445604154824,3029.3842461496815,33.287789184551656,49.1646273863451,17.81651351158105,9.028799969556975,11.363929474133013,6.920964808086053,Day,sunny,location_sf,training_0000-S22-P0_2
127,46.26315789473684,96.5,12.0,35.515151515151516,39.2,32.0,3742.942521584959,4983.66330261861,2375.112120754453,35.90175377532631,43.46735833227706,27.125847743123515,10.802751548731852,11.779980807556218,10.29241748957163,Day,sunny,location_sf,training_0000-S22-P1_2
128,44.03225806451613,99.6,3.200000000000001,40.95,52.0,33.9,18520.00760694098,25363.64045799864,11407.242632803793,27.461589624108644,49.11569804976712,16.781269157940905,1.4892143360885093,4.86732801260254,0.0,Day,sunny,location_sf,training_0001-S13-P0_2
129,59.95454545454545,98.0,12.0,40.37755102040816,44.0,37.0,19717.961567471528,21604.312790592612,17580.68543425389,17.252028595596393,20.84049071025305,14.14533757378936,0.0,0.0,0.0,Day,sunny,location_sf,training_0001-S13-P1_2
130,43.07339449541284,100.0,7.800000000000001,46.95,56.0,38.0,4997.036152801526,6626.498772619363,2566.401414040294,33.82877823014884,40.55084715098436,27.13374292669381,14.408393807089496,15.25303467291583,13.743165158618417,Day,sunny,location_sf,training_0001-S10-P0_2
131,51.16279069767442,98.0,8.5,44.89795918367347,51.0,39.0,5842.717816451021,8376.791767257897,4676.081498658388,36.78491091191049,48.05125833113275,29.17790079559467,13.268260017285886,15.000767371635611,12.072484753806922,Day,sunny,location_sf,training_0001-S10-P1_2
132,50.44,63.0,18.200000000000003,12.61,21.0,2.0,55815.52233606112,154679.7227894632,9284.415792695347,183.4019679836512,340.0475406530058,73.30938933586759,5.991486751282907,8.107611765601874,4.338100317004541,Day,sunny,location_sf,training_0003-S8-P0_2
133,67.1,98.0,18.4,13.693877551020408,16.0,10.0,15838.90278823479,23115.718563679897,9815.282142199936,60.887482417479774,94.18738037315092,29.645521421062604,8.388329512639348,8.939021610741277,8.03938368506525,Day,sunny,location_sf,training_0003-S8-P1_2
134,24.85,43.70000000000001,5.8,4.97,13.100000000000009,1.0,13876.045505284974,28411.903733035386,5373.781429213524,90.06075657912213,147.00003039637,39.267065013083496,14.178035575975471,14.578268557231368,13.736059769795572,Night,sunny,location_other,training_0004-S8-P0_2
135,43.774193548387096,69.0,24.0,13.707070707070708,19.0,3.8000000000000007,5997.119100766871,11791.352702901204,1605.3337814583097,51.78374023190302,70.0711884985735,28.014729748629954,14.624123184091058,15.138674753620311,13.956477962037432,Night,sunny,location_other,training_0004-S8-P1_2
136,52.8,99.6,9.2,7.92,11.0,4.9,9955.331219584961,21653.55646446449,2654.587573199837,44.287425168716474,114.14594894348653,3.5915594770930968,0.5300478061596371,2.4526621610985386,0.0,Night,sunny,location_other,training_0004-S1-P0_2
137,35.6,58.599999999999994,11.4,5.393939393939394,7.200000000000003,2.0,5030.791796411564,8347.710859291532,2294.3193715938287,162.1323360548019,315.9468200337688,28.334752944683597,10.717367110681773,15.245416230286873,5.657181850861729,Night,sunny,location_other,training_0004-S1-P1_2
138,66.56666666666666,100.0,19.9,19.97,22.0,19.0,11271.202066732942,12850.825201872542,10068.650239818397,12.958961354138893,29.962364031884327,4.825008358694703,20.011541845170328,20.263032370805018,19.6202447507139,Day,sunny,location_phx,training_0003-S23-P0_2
139,55.3728813559322,99.0,14.0,33.0,44.0,23.0,5246.635432374149,10101.552963363534,1324.481392142855,22.014754402340284,34.22278832647666,9.811298455209652,16.220387726517203,20.199659336935895,12.212613474633645,Day,sunny,location_phx,training_0003-S23-P1_2
140,81.88888888888889,100.0,37.6,7.37,9.0,6.0,7390.3838058525735,10116.336125430453,4616.8905809622665,14.701073489568335,27.44328520766541,5.663765517520157,3.6338746031825178,6.589532997074014,1.0633694492568277,Day,sunny,location_phx,training_0005-S3-P0_2
141,27.615384615384617,41.8,7.800000000000001,3.6262626262626263,8.0,0.0,8501.508688505548,13108.780690801133,5283.260509616321,104.60781316321003,307.8573772671867,10.421788174545725,3.561921822497392,4.753667396855645,1.7179337474591598,Day,sunny,location_phx,training_0005-S3-P1_2
142,69.0,100.0,12.6,13.8,16.10000000000001,12.0,5381.817305844729,10228.7489244685,2813.824219959534,22.20552905148342,51.093178643371026,12.092045469837505,2.1397580951863886,4.458453641118474,0.009176104279874047,Day,sunny,location_sf,training_0001-S16-P0_2
143,58.8,98.6,13.000000000000007,14.848484848484848,19.0,11.0,9238.497836688259,13558.080466227362,4384.761747788594,37.03763537505534,51.6523774743193,20.32606740331696,5.169963336569106,6.247055292538301,3.2057403234037576,Day,sunny,location_sf,training_0001-S16-P1_2
144,100.0,100.0,100.0,14.0,14.0,14.0,14601.883747055743,16368.935882753716,13287.494163757814,8.763979597277116,14.975751499639884,2.3885136286371176,0.7678498609370606,1.2583569254981835,0.0183265200367033,Day,sunny,location_sf,training_0003-S3-P0_2
145,78.57142857142857,98.0,35.5,11.224489795918368,13.0,9.0,39506.14815163726,50312.77856404961,24002.821622715896,43.95744577840679,63.09794325265952,30.340310030628903,3.3863895264092427,3.8732520653846083,2.830208474255963,Day,sunny,location_sf,training_0003-S3-P1_2
146,52.0,52.0,52.0,0.52,1.0,0.0,3983.2598025068532,10245.459966727589,1039.4690674429778,71.54284594844106,106.5445376597392,24.904192386794442,9.72013419407921,9.996255954322983,9.147781459361775,Day,sunny,location_sf,training_0004-S24-P0_2
147,53.625,80.3,19.1,4.333333333333333,6.0,1.0,5126.5654708540405,10695.146619474717,1737.8292881119214,188.78474459040595,274.96422318547627,69.1449370584297,7.92655899643975,9.301397386673607,5.5823982679046384,Day,sunny,location_sf,training_0004-S24-P1_2
148,46.63076923076923,100.0,14.4,30.31,49.0,18.0,25467.56810133678,42958.59017250511,9037.908245743767,17.388845650844086,23.02649659043093,12.436128044068191,2.2524717290542795,3.97671299882171,1.4778997886387255,Dawn/Dusk,sunny,location_sf,training_0000-S13-P0_2
149,70.18181818181819,98.0,24.2,15.755102040816327,17.0,14.0,50839.499394360566,56256.614776036644,42736.45319531108,17.957876161449526,28.846991691178843,9.621171948182498,0.010331873531199793,0.015065201381313835,0.0,Dawn/Dusk,sunny,location_sf,training_0000-S13-P1_2
150,39.703125,73.7,11.600000000000001,25.41,34.0,13.0,8755.470833205905,15869.130925827722,2189.653415397803,160.80193081317174,469.1233152295115,7.533930173823788,2.690489725831696,8.252149254509126,0.0,Day,sunny,location_phx,training_0002-S19-P0_2
151,51.14705882352941,99.0,7.300000000000001,17.565656565656564,20.0,15.0,2068.4888608009865,4130.63266991696,1012.9685337063257,32.204760918736795,39.49816921439879,24.597619574157786,16.8213072023373,19.60991166676557,12.877355094231719,Day,sunny,location_phx,training_0002-S19-P1_2
152,52.72857142857143,76.0,8.0,36.91,51.0,2.0,99524.22352362983,398119.4263508849,2990.6498258452125,46.85139395345984,120.39375630199876,7.453677063853995,0.7636069862025203,1.8423463808233866,0.0,Day,sunny,location_sf,training_0000-S1-P0_2
153,75.37096774193549,99.0,14.200000000000001,47.2020202020202,49.0,45.0,5754.990914199308,7248.786818853726,4037.666172152154,14.477993278713424,20.374926479651354,8.265018501973739,0.0,0.0,0.0,Day,sunny,location_sf,training_0000-S1-P1_2
154,50.27272727272727,100.0,14.0,5.53,9.0,2.0,16922.918980924693,23261.54794386003,9763.940620918085,57.02281204460605,106.11224687174465,36.778158724590604,4.503212795626612,5.021081220810512,3.789825744539953,Night,sunny,location_phx,training_0001-S14-P0_2
155,45.0,68.2,21.8,0.9183673469387755,2.0,0.0,19103.279252460972,32678.07445050592,2489.323897184545,41.72603841418059,103.4741384077995,4.345490424409397,2.499912994025956,4.506876194665198,0.17588578856816453,Night,sunny,location_phx,training_0001-S14-P1_2
156,53.96969696969697,98.80000000000001,19.4,17.81,23.0,13.0,34608.58564774237,45458.99610170987,26734.55705721035,50.4079380636694,70.70946680868869,30.11497930086974,0.0,0.0,0.0,Day,sunny,location_sf,training_0003-S14-P0_2
157,53.76923076923077,98.0,3.5,14.26530612244898,16.299999999999997,12.0,39521.26407288572,45257.117952199136,33765.01518624423,24.372081252601625,42.82532378813408,14.576092525502526,0.0,0.0,0.0,Day,sunny,location_sf,training_0003-S14-P1_2
158,53.97560975609756,100.0,16.2,44.26,55.0,38.0,11510.948149836175,13251.892498653524,9220.936198566458,33.10687343288277,48.45481325422814,19.086649283179753,7.34934888186115,7.739290290793156,6.950191758835334,Day,sunny,location_sf,training_0000-S16-P0_2
159,65.41818181818182,99.0,15.4,36.343434343434346,39.0,35.0,15624.189325175608,20121.481623699416,12617.639529953645,20.81600989150778,29.994022513292208,14.33892876544038,4.921623133876893,6.767057695408341,2.358261083750178,Day,sunny,location_sf,training_0000-S16-P1_2
160,58.04,100.0,16.9,29.02,33.0,26.0,12188.320324983059,26508.62943089763,6137.511477587832,31.223787009319278,40.23549343119841,24.08148029795334,7.812872984228047,9.199724387734635,6.451100709507773,Night,sunny,location_sf,training_0000-S15-P0_2
161,51.482142857142854,98.0,17.5,29.418367346938776,32.0,27.0,12636.473056344377,15472.157332000314,9433.73689075342,66.80273139147243,90.08752201234574,48.46909641364209,1.3404003042368504,4.690141202859559,0.0,Night,sunny,location_sf,training_0000-S15-P1_2
162,51.096774193548384,100.0,19.0,15.84,23.0,8.0,3978.488085561956,5293.414284935273,2592.0622015421172,30.464850311768622,48.8858408180967,12.722631568041368,16.578163742418916,17.92929487139304,14.947751722897083,Night,sunny,location_phx,training_0005-S6-P0_2
163,39.729729729729726,85.39999999999999,8.0,14.848484848484848,22.0,7.0,6895.714134831578,13666.895514760665,1796.333489153338,51.271407373873416,73.93331578323453,33.93094645833583,18.288524018157958,19.13629281275857,17.21317756838007,Night,sunny,location_phx,training_0005-S6-P1_2
164,59.27777777777778,100.0,18.8,10.67,12.100000000000009,7.0,18675.401075596772,35873.876320377894,7633.951895480605,86.7151689303295,148.18437508770103,38.59176195927611,8.76962839145781,11.169717632177166,6.498206117759505,Dawn/Dusk,sunny,location_other,training_0002-S5-P0_2
165,33.61904761904762,66.0,10.0,7.278350515463917,9.0,5.600000000000001,11911.48951668128,26301.5188717051,5323.516821754051,120.82626384593453,170.81247991801064,76.56510054014916,10.73683108644276,11.193363799387313,9.583239717470052,Dawn/Dusk,sunny,location_other,training_0002-S5-P1_2
166,83.63636363636364,100.0,33.5,18.4,20.0,15.0,29704.436431527323,44298.088788897636,21038.86305130684,45.96405202662424,111.28099821859828,5.031076058565261,1.3778939917109758,3.0950744841486606,0.01479962714484525,Day,sunny,location_sf,training_0004-S14-P0_2
167,64.57894736842105,97.0,8.2,12.649484536082474,14.0,11.0,19981.124001973665,34266.94469440498,10973.413396476171,73.10581858817618,151.63954284254788,3.0183220122468257,1.8572191377983538,3.1181438827892025,0.014443331502172196,Day,sunny,location_sf,training_0004-S14-P1_2
168,49.708333333333336,99.7,8.100000000000001,11.93,14.0,11.0,12742.886561442641,21447.851208915657,2634.2961658247523,37.898442670940256,56.725208141698744,21.751293780757965,14.704968140115675,15.759172152818921,12.503896718313504,Day,sunny,location_other,training_0004-S15-P0_2
169,56.388888888888886,99.0,16.200000000000003,10.252525252525253,12.0,7.0,16404.878733261354,34780.14325367927,6590.458148735741,26.644717484010506,38.03011336638516,17.401980158052414,6.435825128883172,10.659740843548757,2.217241897911648,Day,sunny,location_other,training_0004-S15-P1_2
170,83.33333333333333,100.0,33.2,35.0,37.0,33.0,18168.501805489836,21104.60658702869,13617.721649906905,5.457359552889032,7.586142423033193,3.072422567744452,0.4758344790262833,1.16375897818809,0.0,Day,sunny,location_sf,training_0005-S18-P0_2
171,73.65384615384616,98.0,19.1,39.08163265306123,42.0,36.0,18783.765546127615,20433.799135179725,16147.58361046532,7.850313809018898,13.1867613657394,4.690209208102409,0.31781887342697823,1.1137393062219065,0.0,Day,sunny,location_sf,training_0005-S18-P1_2
172,59.70909090909091,100.0,21.8,32.84,40.0,26.0,3242.909803033412,5521.238981112714,1760.280914525636,47.12703481054847,77.18639252469248,16.984143538796275,9.41108404219535,10.122393480313347,8.241426773903212,Day,sunny,location_phx,training_0005-S9-P0_2
173,58.12765957446808,98.0,14.6,27.877551020408163,35.0,22.0,4394.426263617192,7160.993610136962,1280.39947781607,20.099024657263804,33.007875880899576,6.054513728087057,5.08361863543344,8.058676743344526,1.9021986065244039,Day,sunny,location_phx,training_0005-S9-P1_2
174,74.23,100.0,18.900000000000002,74.23,77.0,72.0,9859.624064758784,10247.980881697089,9530.96863728792,5.529763856757057,7.591708151770005,3.9110053840903207,0.0,0.0,0.0,Day,sunny,location_sf,training_0004-S18-P0_2
175,68.39795918367346,98.0,25.0,68.39795918367346,76.0,61.0,9348.51906711433,14248.450147902844,7307.6803059433805,20.41104132485346,39.12107127384019,5.617731961832323,2.4283829987463488,5.204967539664858,0.0,Day,sunny,location_sf,training_0004-S18-P1_2
176,68.1,100.0,21.8,6.81,9.0,5.0,18969.801910987775,34077.28032665975,9996.634923786278,93.46547894654206,188.54324225040614,44.34645846842716,0.5159379583108661,2.3083015684948416,0.0,Day,sunny,location_phx,training_0002-S0-P0_2
177,58.84615384615385,86.2,4.400000000000002,7.8061224489795915,9.0,2.700000000000001,17948.843696011514,68919.35555248627,1396.9211619805824,118.04940546523936,416.1754453107156,14.925751728070745,11.251496687286592,16.964114790794525,5.100600326656551,Day,sunny,location_phx,training_0002-S0-P1_2
178,58.025,100.0,6.800000000000001,23.21,24.0,22.0,2437.936958833516,4020.4853158498654,1398.458236459831,27.303655882567934,39.24506101604109,16.634622832825396,29.23556186182584,29.492544375836893,28.910875532046994,Day,sunny,location_phx,training_0003-S10-P0_2
179,44.982142857142854,98.0,11.5,25.70408163265306,28.299999999999997,24.0,8721.603930975805,12198.392756339772,3999.760126282604,30.09257863381207,46.74798726638904,18.490111192823584,29.17810229699059,29.5129122442088,28.862066628227964,Day,sunny,location_phx,training_0003-S10-P1_2
180,42.21951219512195,100.0,9.0,34.62,42.0,27.0,7034.5058563272,9496.739350731594,4750.831264539725,26.502991054693883,34.60849816420833,21.49691775704674,6.676258814336808,7.053832695313208,6.228695199529584,Day,sunny,location_phx,training_0003-S21-P0_2
181,54.27272727272727,98.0,12.600000000000001,30.459183673469386,33.0,28.0,7441.511949003861,12204.665039672187,3675.659380014387,22.99196086420295,27.457546960259243,17.988829013437755,4.97889569920175,7.081969963906154,2.259638000379067,Day,sunny,location_phx,training_0003-S21-P1_2
182,54.298701298701296,100.0,10.0,41.81,45.0,40.0,9982.991096440592,10622.335673494365,9277.709839035064,17.79120180001291,23.81067396539213,12.781326441406497,7.165459232932592,7.541641920994661,6.911265713568953,Day,sunny,location_phx,training_0005-S0-P0_2
183,59.18840579710145,98.0,9.0,41.673469387755105,45.0,38.0,11717.528365599595,15572.653432037114,7342.824153044861,20.138535494552567,24.113065621010158,15.261592133013307,5.893945255232864,7.208745189750247,4.920065926749994,Day,sunny,location_phx,training_0005-S0-P1_2
184,69.52941176470588,100.0,12.0,70.92,73.0,68.0,7904.269415179056,8188.874196241148,7627.8240357514605,14.241419405662677,16.04889301098602,12.253444876137099,0.0,0.0,0.0,Day,sunny,location_sf,training_0004-S19-P0_2
185,72.71578947368421,98.0,18.0,70.48979591836735,73.0,67.7,8119.239336949932,8756.981944399753,7497.106644166242,12.518825161159969,15.610664991637227,9.943692158684494,0.0,0.0,0.0,Day,sunny,location_sf,training_0004-S19-P1_2
186,76.04615384615384,100.0,35.0,49.43,53.0,46.900000000000006,10247.026544677941,16235.190770863908,6210.17292673176,15.217444604020894,26.480663184129334,6.4818829396447555,0.0,0.0,0.0,Day,sunny,location_sf,training_0004-S11-P0_2
187,73.55384615384615,99.0,29.800000000000004,48.292929292929294,52.0,44.0,9109.32600867161,15358.562062165998,6213.687428962969,18.13613838938287,30.844899732342427,7.426003299643123,1.8030549071747883,3.6762755529937303,0.0,Day,sunny,location_sf,training_0004-S11-P1_2
188,57.05263157894737,79.4,20.0,10.84,14.0,4.0,25107.328503056815,34145.91710244188,15427.545291031282,68.48018915621321,116.4843054073003,27.40130804263764,4.956667737841872,5.8022312155435785,4.304791914985772,Day,sunny,location_sf,training_0000-S0-P0_2
189,54.89473684210526,98.0,16.8,10.642857142857142,13.0,9.0,21394.830193121175,34630.22828626823,10066.242060430704,45.96657960295052,63.173427981239136,28.457165866801695,6.232600553139022,6.77917509131634,5.436933049474913,Day,sunny,location_sf,training_0000-S0-P1_2
190,35.02777777777778,65.0,5.0,12.61,16.0,9.0,4255.932723067261,5633.122163189778,3340.1376392097086,39.26127877988526,51.94093408964062,22.02912904999242,18.316541651947418,18.943297592634053,17.93093691522307,Day,sunny,location_phx,training_0002-S14-P0_2
191,49.035714285714285,96.2,10.0,13.868686868686869,18.0,10.0,3289.9474595812912,4583.154312007419,2334.6123171479967,22.117992117876955,35.13786207916691,11.912513801996841,19.41475637746973,19.708598369874732,19.131357464225285,Day,sunny,location_phx,training_0002-S14-P1_2
192,77.0,100.0,36.400000000000006,13.09,15.0,12.0,8354.890416617882,9608.308461453462,7035.932531453164,15.443478152882928,34.69297836347615,4.276268131335652,16.94789202720566,18.082301373454555,15.741610761066244,Day,sunny,location_phx,training_0000-S2-P0_2
193,65.25925925925925,99.0,13.200000000000001,17.7979797979798,22.0,13.0,5948.593386421899,8520.50317385892,3617.2199467959863,14.98284800680931,30.00999516551734,6.129334388841615,16.626054738411508,17.31971575105056,15.895749367376938,Day,sunny,location_phx,training_0000-S2-P1_2
194,63.6,100.0,24.8,28.62,35.0,22.0,20351.639755638236,32718.29860792376,14563.422315731992,20.322951755129413,31.42656565244352,10.003849693057097,3.5300815584081056,4.45762962399995,3.08427284187748,Day,sunny,location_sf,training_0005-S12-P0_2
195,69.34042553191489,98.0,17.0,33.255102040816325,35.0,32.0,19179.877494382832,21819.253609951244,16241.133224513833,20.393404740276104,28.652259089390142,13.671977232873978,2.9228133899857807,3.8740641300440823,2.386975977312828,Day,sunny,location_sf,training_0005-S12-P1_2
196,80.5,100.0,52.300000000000004,25.76,32.0,14.0,16587.10598968244,23594.76861884495,8960.834001908124,41.739891959349286,61.9013817038035,17.66202988876303,5.64459115288835,7.91265955706779,1.2720358145262503,Day,sunny,location_sf,training_0001-S18-P0_2
197,34.55,67.0,14.9,14.10204081632653,27.0,9.0,20406.60801667639,30916.38718310697,6788.393466745124,48.809849745135026,66.92539836526544,19.713935746899658,6.6839391609799845,7.865419238441085,4.157355462542919,Day,sunny,location_sf,training_0001-S18-P1_2
198,77.44705882352942,100.0,23.4,65.83,69.0,61.0,11123.888712324799,12399.918837741356,9989.371376332268,14.536993582467204,17.453620412059003,11.451464407021303,0.3271859016090828,1.3190716450730549,0.0,Day,sunny,location_sf,training_0002-S7-P0_2
199,73.46428571428571,98.0,22.3,62.96938775510204,68.0,59.0,14162.440368351385,16299.482239619741,12919.049602712677,14.978006535454384,17.843334843093345,11.247505509719902,0.0,0.0,0.0,Day,sunny,location_sf,training_0002-S7-P1_2
200,40.53846153846154,93.20000000000002,16.0,5.27,7.0,3.9000000000000004,939.0241797125128,1874.7381680549045,450.6879066266604,52.95393139250233,76.30023315820051,32.42286808648239,15.314802584349453,15.70320962350235,14.556543242077954,Day,sunny,location_phx,training_0004-S23-P0_2
201,39.05,60.2,20.799999999999997,15.938775510204081,22.0,9.0,3725.553625974888,5169.554165408294,2624.5090268962545,93.11731541342601,115.91877252955275,73.30789331897527,9.294171761482298,12.323605882490618,5.672655866954477,Day,sunny,location_phx,training_0004-S23-P1_2
202,46.05952380952381,84.7,11.3,38.69,45.0,33.9,18848.195168710507,21902.32872710296,16667.141544581205,34.63849019071061,46.71864930840542,25.457638215678287,3.9729772175877116,4.446671598096368,3.7012135505497965,Day,sunny,location_sf,training_0001-S11-P0_2
203,56.53968253968254,97.80000000000001,13.400000000000002,36.3469387755102,39.0,32.7,25646.4667582632,28612.914886458755,23540.644339726397,21.783311188668566,31.28750354416452,14.78358199141563,0.408676201992628,1.885152935739645,0.0,Day,sunny,location_sf,training_0001-S11-P1_2
204,77.1470588235294,100.0,23.900000000000002,26.23,28.0,24.0,6465.815806467708,8613.005560045662,4407.869347668644,19.648801004967687,25.295247976826154,13.271862278219107,0.20767082636902137,0.9520312856537676,0.0,Day,sunny,location_other,training_0004-S17-P0_2
205,61.86666666666667,97.0,12.100000000000003,19.1340206185567,21.0,17.0,6892.149378052807,10244.589564300128,3090.2213442870925,19.370147613319663,28.644177080683065,10.803395513882478,0.04716666739489628,0.1663772303518352,0.0,Day,sunny,location_other,training_0004-S17-P1_2
206,33.8,77.6,8.4,15.21,19.0,11.0,1762.624315719214,3116.515121751943,1057.3760499910989,130.59725742117038,569.6147236137222,27.697657417167953,8.890475129375616,12.15865884152753,3.7706647245903873,Day,sunny,location_other,training_0003-S1-P0_2
207,34.12903225806452,73.0,5.0,10.686868686868687,15.0,5.0,4315.061329574034,7595.664053551554,1515.7730945653616,107.67543148282422,224.68739174219775,36.837054540139974,10.336224514556415,11.8934021549186,9.291256302909073,Day,sunny,location_other,training_0003-S1-P1_2
208,58.88235294117647,100.0,9.8,10.01,11.0,9.0,3714.157228542665,7439.623122590207,1339.822391946807,20.250570275869546,34.76664407671934,9.809284707531543,11.010484615222076,11.220792595155258,10.403939511224433,Dawn/Dusk,sunny,location_phx,training_0005-S11-P0_2
209,70.88235294117646,98.0,32.2,12.295918367346939,14.0,10.700000000000001,8366.24614481863,16252.561396583995,2108.635156217702,52.21564021386239,71.49352003313825,27.95578585419996,10.133899088808842,11.21571226210204,8.219798811681736,Dawn/Dusk,sunny,location_phx,training_0005-S11-P1_2
210,22.90909090909091,30.0,13.0,2.52,8.0,0.0,107207.73053023234,163013.70532992127,28478.597082885404,231.19530969131256,453.8836347639102,15.793539085364252,1.4322405729823062,3.5491538570463503,0.32751923985413595,Day,sunny,location_sf,training_0001-S15-P0_2
211,37.46153846153846,54.800000000000004,17.400000000000002,4.91919191919192,8.0,0.0,46536.78041573206,74482.33670734575,15424.940834432526,227.42992405691047,563.68785912792,44.4574184321269,3.494160227207789,6.7974106749858105,0.27734067282347535,Day,sunny,location_sf,training_0001-S15-P1_2
212,38.82608695652174,47.5,21.0,17.86,21.10000000000001,8.9,26405.34631161067,45786.92087020524,4638.477634998506,153.30813711459035,347.2830033984881,11.672671509965905,3.5271688939993617,5.715837741884894,0.4013190084376965,Day,sunny,location_sf,training_0004-S2-P0_2
213,46.84,84.2,10.8,11.948979591836734,17.0,6.0,35592.456448604586,45337.1059026502,23983.016529907873,59.88681117934911,84.35284037244736,30.070137222316337,5.067315828058484,6.765848749259305,2.2143902896663703,Day,sunny,location_sf,training_0004-S2-P1_2
214,82.27659574468085,100.0,22.8,38.67,41.0,38.0,15207.877846587906,17424.211159363276,13423.972423675064,10.213522276356255,15.144118202078204,6.825428951735111,1.1620993975793772,2.7204994307091583,0.4033016751581052,Day,sunny,location_sf,training_0005-S15-P0_2
215,85.59574468085107,99.0,49.2,40.63636363636363,43.0,39.0,12594.445782924508,14947.343909565716,8579.81626310611,8.025425766314141,10.509196609829832,5.165283296830573,0.9044080033570299,1.3263309237425587,0.5490818722909133,Day,sunny,location_sf,training_0005-S15-P1_2
216,73.32142857142857,100.0,16.0,41.06,43.0,40.0,13902.353562331062,15584.512342528024,12925.266119245154,9.55496457095966,18.969765012455593,3.6696049492564957,0.008969387305627042,0.010307959299492752,0.0,Dawn/Dusk,sunny,location_sf,training_0003-S19-P0_2
217,58.02,75.0,16.8,38.68,42.0,35.4,11867.181938731019,13893.201556819096,7301.443387874351,10.66332198834339,21.53802359145743,4.407830117096373,1.0492731808083444,3.688660774027796,0.0,Dawn/Dusk,sunny,location_sf,training_0003-S19-P1_2
218,35.7,100.0,6.0,17.85,28.10000000000001,13.0,27703.524713744257,53199.24704838437,15492.257003747418,20.251187637259083,28.807830092801844,9.812877263746365,6.525370730242794,8.591748045184303,3.593631331239498,Day,sunny,location_sf,training_0005-S22-P0_2
219,53.61538461538461,98.0,13.1,28.448979591836736,31.0,25.0,4612.525750848188,9358.628497434807,2131.188515876303,15.614463777066094,33.85936401387906,6.378476736439586,0.3985188392884674,1.3413732641068505,0.0,Day,sunny,location_sf,training_0005-S22-P1_2
220,46.608695652173914,65.0,26.400000000000002,10.72,17.0,2.0,3459.8816889038203,5921.463712555961,933.7187109344845,185.1269644313254,501.2899057730925,15.088147229181686,6.496829302788337,8.912309247519097,4.309058366050007,Day,sunny,location_phx,training_0002-S6-P0_2
221,26.6,42.0,8.8,1.3434343434343434,3.0,0.0,7708.848921226317,29570.30016024971,1040.1073169279393,124.65170013569556,319.8310435201739,20.41127047846608,6.139737120251543,6.65707881649568,5.6120881635639295,Day,sunny,location_phx,training_0002-S6-P1_2
222,80.41791044776119,100.0,12.600000000000001,53.88,57.0,52.0,3945.20761775458,5471.923000054645,2950.1583300327884,11.504133360120463,25.513169637476466,2.724507548121487,1.7758447488492153,4.007845687734587,0.01690026516932764,Day,sunny,location_sf,training_0003-S11-P0_2
223,68.24285714285715,99.0,23.700000000000003,48.25252525252525,58.2,36.0,12359.158427247903,16872.961465855766,8261.007618110214,39.83387612775089,50.500507347658875,28.94120186617203,7.715105247462549,8.46287449174946,6.051864606026251,Day,sunny,location_sf,training_0003-S11-P1_2
224,65.8125,80.5,30.5,10.53,14.0,2.0,79959.42639985147,304484.29687958036,21986.06870379714,100.5626415153305,234.19321748405036,17.46502949272816,1.7521588916379407,2.739556862982052,0.6577508323090748,Day,sunny,location_sf,training_0000-S20-P0_2
225,71.42105263157895,98.0,24.4,13.846938775510203,16.0,12.0,35320.33653749945,47298.06312603538,27141.903172873714,44.673836423401326,59.42409256925607,29.389171821711756,3.9242382139356202,4.686130211246821,3.1143700050684004,Day,sunny,location_sf,training_0000-S20-P1_2
226,69.04081632653062,100.0,20.8,33.83,40.0,28.0,6551.223885756669,12386.48968699911,3346.6057665996,20.294185638585212,34.89351683925452,9.15218768839304,4.245626033784604,7.095477539354148,0.08752482021430762,Dawn/Dusk,sunny,location_sf,training_0005-S24-P0_2
227,70.83333333333333,98.0,20.200000000000003,30.357142857142858,33.0,28.0,11318.792483884183,16833.930940365444,5343.254090438484,32.83042102032526,45.90463974148899,21.918580806190644,4.175864016771439,6.537955775434161,0.5067149594454414,Dawn/Dusk,sunny,location_sf,training_0005-S24-P1_2
228,76.75438596491227,100.0,17.6,43.75,47.0,42.0,1470.7614451686327,1672.3918597102077,1376.1910953542647,7.101359610035037,13.2872327463677,2.9660572742632842,1.3619268642397957,4.30684950867972,0.0,Day,sunny,location_sf,training_0002-S9-P0_2
229,72.85714285714286,98.0,16.0,41.63265306122449,45.3,39.0,2275.9751254901394,2710.385143136591,1999.9317329746787,12.034423608832814,29.707357145080824,4.0345960698855805,1.231045864003543,4.3652241750508765,0.0,Day,sunny,location_sf,training_0002-S9-P1_2
230,62.39252336448598,100.0,16.800000000000004,66.76,76.0,58.0,5914.748955218088,9707.841324552777,3743.139466327255,22.16169551917714,25.890031662299048,16.83678620656231,4.778747892817775,5.731954816139102,3.310201841447885,Day,sunny,location_sf,training_0003-S15-P0_2
231,80.88732394366197,99.0,28.0,58.01010101010101,60.0,56.8,6017.376265008826,10454.621660592324,2302.298967604049,16.941231242524072,30.205266533122046,9.682790440050178,1.7225032987497404,3.1806687002547545,0.763601355832755,Day,sunny,location_sf,training_0003-S15-P1_2
232,28.032,45.20000000000002,6.800000000000001,35.04,47.0,14.0,16842.66996153291,31311.382532615913,5402.04160803661,192.8451364239124,449.5482973589952,31.150824794294007,4.565730231661596,5.499476009695909,3.5922380016576887,Day,sunny,location_sf,training_0003-S7-P0_2
233,43.78125,93.50000000000001,8.3,28.591836734693878,32.3,22.0,7388.568136580441,12007.234177037546,4545.106652399749,48.066932702537926,71.07521614203371,36.198130943055936,6.748648030488959,7.414558590025537,6.092616705715578,Day,sunny,location_sf,training_0003-S7-P1_2
234,43.111111111111114,47.400000000000006,40.4,3.88,8.0,0.0,30063.93215207199,62817.73454181195,9045.820196504257,127.22478748350943,426.1292316586836,7.7886613842291705,4.534809417437187,9.388781394036219,0.2252727708067602,Day,sunny,location_phx,training_0002-S2-P0_2
235,25.0,57.0,4.0,2.8350515463917527,5.0,1.0,17644.559066700636,36666.315974353325,7536.908660224993,70.81631508624542,112.45400272097814,31.879840908960098,9.676805982992187,11.089790287836156,7.170363077325606,Day,sunny,location_phx,training_0002-S2-P1_2
236,50.704081632653065,100.0,10.400000000000002,49.69,53.0,46.0,7605.659286757845,14347.606878383607,4769.807294008623,40.836712011974676,61.60566680271626,26.33662414465507,7.759693637878092,8.835234338554267,6.112479506625268,Day,sunny,location_sf,training_0004-S4-P0_2
237,59.404761904761905,93.0,6.0,50.91836734693877,58.3,48.0,16806.004285416697,21604.944107817322,9591.630826350025,34.04340715932724,51.94050642573316,12.131757977721731,0.7804276593435313,3.2543054448461763,0.0,Day,sunny,location_sf,training_0004-S4-P1_2
238,20.333333333333332,42.60000000000001,2.8000000000000003,1.83,3.0,1.0,12477.03585450578,46208.783509370754,2035.6169510942973,187.74975305914535,445.06318273522004,11.99459143672578,3.9995105441996,6.114272637168032,0.8150987759414181,Day,sunny,location_sf,training_0005-S16-P0_2
239,65.76470588235294,96.4,25.8,11.525773195876289,15.0,7.0,37996.176259810185,51852.00467558339,22211.980653028462,99.70411478387769,243.3727785056922,38.19709036732089,6.8773435250025905,7.346340676506022,6.169721479043421,Day,sunny,location_sf,training_0005-S16-P1_2
240,35.52873563218391,89.4,6.0,30.91,39.10000000000001,19.0,8592.43201542025,17694.97042860048,4192.289776483818,45.88575522572343,63.242866618584834,31.920058941366804,11.25622900029361,14.892401912787124,6.083949286737364,Day,sunny,location_sf,training_0003-S0-P0_2
241,50.766666666666666,93.10000000000001,14.9,31.081632653061224,36.0,22.0,22353.424629177985,26819.500182689255,19308.08924241888,60.412223815784955,79.49654594951474,47.68511499244957,0.9103093864307187,3.4888526456926554,0.0,Day,sunny,location_sf,training_0003-S0-P1_2
242,65.57608695652173,100.0,15.1,60.33,70.0,51.0,6206.905354923983,7897.508526450966,4586.153627630126,28.148029870061173,39.26361815318998,18.9948127100984,7.611123533974176,7.963501584110656,7.147994290975897,Day,sunny,location_sf,training_0003-S17-P0_2
243,45.90769230769231,91.10000000000001,9.9,60.89795918367347,65.0,55.7,4965.1681506397135,6853.483481289944,3126.44003375786,32.629564070655746,45.35121608690364,19.986357338665425,9.37946081414197,10.143105439935777,7.744572797084631,Day,sunny,location_sf,training_0003-S17-P1_2
244,43.52777777777778,100.0,9.700000000000001,47.01,54.10000000000001,37.0,7575.4873208926965,8595.379980498932,6779.729789302929,31.444713284443786,41.037266238985225,21.672544562187426,8.893062585729739,9.28224638826409,8.165245957875085,Day,sunny,location_sf,training_0003-S16-P0_2
245,56.86486486486486,99.0,12.0,42.505050505050505,56.0,35.0,9510.967947038662,16409.129232811614,4824.326982420725,38.20393213902977,63.80262930256127,21.939412402246326,7.492845031260767,7.8853854490289,6.876937031078239,Day,sunny,location_sf,training_0003-S16-P1_2
246,39.43835616438356,99.8,7.0,28.79,33.0,25.0,3445.2846349323722,5520.4446236437,2359.8894090994095,23.395247103408497,30.885828662503663,16.670967085672956,10.39459355343645,16.962458031705086,3.186380489136991,Day,sunny,location_phx,training_0003-S9-P0_2
247,66.79591836734694,99.0,21.400000000000002,33.06060606060606,37.2,30.0,4602.693559973794,6900.785006784568,1200.1203690885068,17.192895626330753,28.009463382457604,10.414241719041138,3.539597331207448,9.144835510155868,0.329282438742877,Day,sunny,location_phx,training_0003-S9-P1_2
248,35.84782608695652,67.0,13.5,16.49,22.0,2.0,23576.620868131708,30901.75039932784,3117.255849089737,167.5315474082912,393.3752843329515,38.954244069174976,5.243493415302231,7.003293366529838,3.5560277780492253,Day,sunny,location_sf,training_0000-S6-P0_2
249,33.52777777777778,80.0,5.0,12.191919191919192,15.0,9.0,39346.51343669344,60541.65950476784,21324.668152339542,61.305715218217884,86.36856472067264,43.13357881126326,6.075753860408402,7.293784166098993,3.62883237572885,Day,sunny,location_sf,training_0000-S6-P1_2
250,81.0625,100.0,23.2,25.94,27.0,25.0,21542.824725714414,23014.376043602264,20384.084843260163,5.443975790861937,7.978604050665578,3.7510879947107014,0.11631577389700146,0.4978015809652488,0.0,Day,sunny,location_phx,training_0004-S9-P0_2
251,76.66666666666667,98.0,39.0,25.816326530612244,28.0,22.0,20765.003057201597,22422.192372616635,18107.187313449293,18.535005036965895,40.04108868210138,6.594682777977337,0.9510521569224543,2.7349314549777954,0.0,Day,sunny,location_phx,training_0004-S9-P1_2
252,81.46551724137932,100.0,20.7,47.25,49.0,45.0,6650.362303889689,7935.624681342379,5042.740895193589,15.78566565604634,23.489507833596015,8.284711573512741,0.001580275488095121,0.0,0.0,Day,sunny,location_sf,training_0003-S6-P0_2
253,77.32727272727273,99.0,23.4,42.95959595959596,44.0,41.8,6808.952425985904,9087.424248336432,4039.968560048682,7.369033101579075,9.670510362682613,4.80407670529589,0.13238377860343672,0.4139430577391975,0.0,Day,sunny,location_sf,training_0003-S6-P1_2
254,79.62,100.0,10.0,39.81,41.10000000000001,38.0,4633.0599914933655,7030.557240374729,2886.681079795819,10.164631587452737,16.835430218176544,2.1515042616262328,1.8051204219277628,5.821535755655475,0.0,Day,sunny,location_sf,training_0001-S23-P0_2
255,66.86440677966101,97.0,23.6,40.670103092783506,46.0,33.0,9580.148411869031,12821.055058721871,5541.568338600054,36.73421129431806,49.99961681973799,16.560319559036504,7.332656759920878,9.406869563149478,3.2823518151629107,Day,sunny,location_sf,training_0001-S23-P1_2
256,58.83673469387755,100.0,15.8,28.83,36.0,21.9,2321.030581935898,4521.248754494478,791.8566856358934,27.102793411281365,36.146239421701296,15.996988524399725,12.343188072458029,17.254234238520137,6.198661047298055,Day,sunny,location_phx,training_0004-S5-P0_2
257,71.22,98.0,19.6,36.33673469387755,38.0,34.0,11231.550327630875,13215.858030969846,9535.961130847376,9.8147050129122,12.017478131911746,6.796196747785243,1.086678898005445,2.9424267254877483,0.015653061318295136,Day,sunny,location_phx,training_0004-S5-P1_2
258,33.69230769230769,65.0,13.0,8.76,13.0,1.0,5004.39940316465,13503.79672020187,287.0128152679498,136.97811896697377,378.0424879763442,15.968914483670599,9.929619075382845,14.878221150943133,4.129041646254755,Day,sunny,location_other,training_0005-S19-P0_2
259,57.9375,100.0,9.0,9.27,10.0,8.0,2400.2363606531812,5576.650939801418,532.255151521313,23.917201892682083,46.76396126320938,10.671220873479324,15.688513919873936,15.838664654613584,15.517795043305668,Day,sunny,location_other,training_0005-S19-P1_2
260,46.73913043478261,100.0,8.8,32.25,38.10000000000001,28.9,7234.847360554725,9134.417224810544,5734.4326048716775,35.927351980844534,50.99905731499884,19.162567353382798,10.10726336210492,10.953575999232143,8.812936590685423,Day,sunny,location_other,training_0002-S22-P0_2
261,68.3409090909091,98.0,17.2,30.683673469387756,34.0,27.0,9459.283354848303,11310.548232314077,7132.13446142845,24.315314682856513,29.783675450418457,18.709429167194845,3.8755694343969935,6.880006167904465,0.9509365103159119,Day,sunny,location_other,training_0002-S22-P1_2
262,69.03921568627452,100.0,13.100000000000001,70.42,75.0,66.0,9615.877138120508,12712.975322237437,5065.987567551288,28.38651760104046,33.81998849446082,23.352697547776287,2.7515113433506038,7.330100062634417,0.006706008486306444,Day,sunny,location_sf,training_0002-S16-P0_2
263,75.65384615384616,99.0,18.8,59.60606060606061,66.0,54.0,12415.199791228626,13009.023257103185,11854.608645931377,17.237920217084813,20.655260893575406,13.997201490520991,0.0,0.0,0.0,Day,sunny,location_sf,training_0002-S16-P1_2
264,62.79775280898876,100.0,11.8,55.89,66.0,46.0,10420.29596321526,16499.28633213231,5128.337869635767,31.015160742843875,43.46100389719055,14.949902465826135,1.4324181203823958,4.537448236410409,0.0,Day,sunny,location_sf,training_0005-S5-P0_2
265,64.36046511627907,98.0,14.5,56.47959183673469,66.0,48.0,13693.658930341338,16985.868700206356,9460.654501453619,24.766829786369428,37.17216225078119,14.57565800517539,0.0,0.0,0.0,Day,sunny,location_sf,training_0005-S5-P1_2
266,51.714285714285715,66.80000000000001,29.600000000000005,3.62,6.0,0.0,16529.613455657174,27027.528358688636,5273.336916517952,57.45635061711381,95.15044810696638,28.50848307316911,5.7121852555418995,6.192571969274171,5.0800092055941635,Day,sunny,location_sf,training_0000-S9-P0_2
267,70.8,98.0,29.799999999999997,3.6122448979591835,4.0,3.0,19482.113754624184,39609.084431908916,6786.524208774533,43.35588592056327,66.00709342808719,19.04205908720892,6.091576379845896,6.318672240111335,5.681466331014526,Day,sunny,location_sf,training_0000-S9-P1_2
268,54.05263157894737,100.0,11.600000000000001,30.81,42.0,22.0,1204.0913207990736,2156.3770038296752,540.3845759620265,29.751143167065067,60.57574449519125,9.816623715724852,4.802795338404235,5.709625492505166,4.324844359780012,Day,sunny,location_phx,training_0003-S24-P0_2
269,84.33333333333333,98.0,48.0,20.653061224489797,22.0,19.0,1133.9794138977973,1992.7007000276403,625.7585401250047,11.51866848107686,15.64912326252336,6.943540671032531,6.551128918129688,6.7081622464091675,6.167662857444671,Day,sunny,location_phx,training_0003-S24-P1_2
270,52.49107142857143,100.0,7.200000000000003,58.79,63.0,54.900000000000006,11359.677204338903,20386.758204957005,3990.816623184539,34.60220541794944,53.309248554465796,14.135781235399799,0.024572235590099592,0.019631066685804947,0.0,Day,sunny,location_sf,training_0001-S0-P0_2
271,55.700934579439256,98.0,14.0,60.816326530612244,65.0,56.0,20232.026344040405,23968.891328510228,17472.82824357628,49.0133902677368,60.18933792734674,41.61314764646428,0.0,0.0,0.0,Day,sunny,location_sf,training_0001-S0-P1_2
272,80.54545454545455,100.0,34.2,17.72,20.0,16.9,3698.7050290176107,8003.1710241852015,1251.6210593613775,26.441839037289288,40.92765960228545,14.883264811449244,7.238200794494641,10.778944042033622,4.11633512648646,Day,sunny,location_phx,training_0001-S5-P0_2
273,91.11764705882354,99.0,82.2,15.646464646464647,16.0,14.0,4119.084554655804,5292.545566642393,2987.6070613103416,13.741826857581808,26.600135513870683,3.508004675324621,4.525129831392397,9.242556901592682,0.11771110703381994,Day,sunny,location_phx,training_0001-S5-P1_2
274,55.07692307692308,98.2,9.8,7.16,9.0,5.0,3347.179312485193,4564.043946605552,2346.3860643007174,37.05232012038235,54.35995195271223,21.74408564479093,19.149883769099652,20.094760731788526,17.723375481954452,Day,sunny,location_phx,training_0002-S24-P0_2
275,39.142857142857146,78.90000000000002,10.3,5.5353535353535355,7.0,4.0,5094.777301439535,8004.715702389183,1802.702344673307,59.769701555502806,99.54901422794134,34.70246027183435,20.19112232206938,20.243464863734346,20.143818326498483,Day,sunny,location_phx,training_0002-S24-P1_2
276,24.027027027027028,59.79999999999999,3.0,8.89,14.0,2.0,1948.6372189926087,3389.9114415699837,1093.2691184054786,109.69128695693084,140.13550515140466,57.072241204937704,15.418810671434887,15.730883350454427,14.748092343291002,Day,sunny,location_phx,training_0001-S8-P0_2
277,32.06521739130435,60.0,5.0,15.051020408163266,20.0,11.0,2190.020842007751,3398.064046210853,1182.1021115924975,45.10438189716852,55.16845025964963,33.76835456857543,14.572189595075148,15.050602072780407,13.704158406549297,Day,sunny,location_phx,training_0001-S8-P1_2
278,77.8,100.0,49.7,7.78,10.0,5.0,1650.3227261440259,2067.0115301743363,1091.1902065359848,33.45352221469234,78.0636780844745,15.969686756645176,4.899000668214242,7.80294845855228,1.1945439719431128,Day,sunny,location_phx,training_0002-S11-P0_2
279,37.26086956521739,47.8,23.2,8.744897959183673,11.0,6.0,7101.4457505058035,15462.449598511635,2079.5647122997925,171.48221700282846,437.50043507180845,7.176353361612773,5.472987314205137,8.984614167029896,0.8505873339061467,Day,sunny,location_phx,training_0002-S11-P1_2
280,62.30434782608695,100.0,13.8,14.33,18.0,11.0,7622.26427537842,15431.31325077617,2175.043672690827,52.90406620017689,74.59798368088404,33.53416185133871,10.417145325904814,11.214044788430018,8.314481425546946,Day,sunny,location_phx,training_0001-S12-P0_2
281,56.63157894736842,95.6,7.6,10.979591836734693,12.0,9.700000000000001,7734.266791772151,11011.315459461146,4607.129724877768,32.09625502778236,43.26520408339346,23.54259034651038,10.953471899782958,11.240528471500607,10.326930629060396,Day,sunny,location_phx,training_0001-S12-P1_2
282,23.136752136752136,44.0,5.0,27.07,54.10000000000001,10.0,6653.959555703355,9602.740590059615,2192.4070003406055,143.9568704578385,300.8697874415484,38.444194091259234,4.793327669145221,7.808866345579047,0.2435515041329412,Day,sunny,location_sf,training_0000-S17-P0_2
283,40.735849056603776,99.0,7.0,43.61616161616162,56.0,34.0,8696.787580423525,14808.008270516604,6280.426956928692,64.6210313528468,104.17670047637422,36.3097761009152,7.666160872713193,7.776518043163063,7.502394134709796,Day,sunny,location_sf,training_0000-S17-P1_2
284,59.5,97.5,10.0,9.52,11.0,8.0,3266.336650510439,7553.818643585955,1523.539129925637,26.08208854381198,53.1164582632365,11.103387511919529,18.71382249109664,20.13975952947147,17.81613885974684,Night,sunny,location_phx,training_0005-S10-P0_2
285,83.8,99.0,48.7,8.464646464646465,9.0,8.0,2204.9620648627974,3996.514389567379,1047.1803633565614,19.02154107678547,40.1817248657935,4.94255151414788,20.103640921989754,20.220777064508972,19.85188689589803,Night,sunny,location_phx,training_0005-S10-P1_2
286,61.93650793650794,100.0,10.600000000000001,39.02,49.0,32.0,5880.2209561602795,8247.653715696364,4450.4032019998,23.836000613702677,28.028641677011315,20.776269279939598,4.307352437069798,6.33283150567173,1.8215100578327106,Day,sunny,location_phx,training_0000-S14-P0_2
287,90.41935483870968,98.0,66.0,28.602040816326532,30.0,27.0,7960.958175865057,9156.71580570627,5893.40612703867,8.820117703954567,13.283128652575467,5.401916083018736,0.4029362773340475,1.3656590071412535,0.0,Day,sunny,location_phx,training_0000-S14-P1_2
288,55.607142857142854,100.0,8.8,15.57,20.0,13.0,964.8184043398707,1879.9459239436692,336.30202719553836,18.768346721603024,29.31047172643815,9.256564248067919,20.106964206067328,20.288675934775725,19.734252666443012,Day,sunny,location_phx,training_0001-S19-P0_2
289,70.36363636363636,98.0,37.3,15.795918367346939,18.0,13.0,1831.4404716320892,3831.4045790982964,449.70345627268864,21.343046156648523,38.34259294070841,8.090179667518811,20.16014247626238,20.210594544695617,20.09454601926486,Day,sunny,location_phx,training_0001-S19-P1_2
290,63.69607843137255,100.0,14.0,64.97,69.0,62.0,7977.467948439569,10010.496708761935,5997.139333601517,13.571447694280405,16.26983395665415,11.278315861740175,0.0,0.0,0.0,Day,sunny,location_sf,training_0004-S16-P0_2
291,58.98979591836735,98.0,14.700000000000001,58.98979591836735,69.0,49.0,6840.984631506054,9394.557521877605,4971.948402596281,16.819342675135328,31.6059220675648,9.932516703221953,0.6805954121568186,2.994410346535923,0.0,Day,sunny,location_sf,training_0004-S16-P1_2
292,63.72727272727273,100.0,25.0,7.01,10.0,4.9,2394.1602036862555,5522.237479560121,1068.1804011522836,23.80481427649398,35.19317928641509,9.217597781142377,15.96697068104075,17.953951022980625,13.704043757399472,Day,sunny,location_phx,training_0000-S5-P0_2
293,66.0,98.0,24.800000000000004,4.714285714285714,6.0,3.0,2316.996835633613,3115.2159315624253,1634.4272865559258,19.852017843461002,37.51027915705604,4.029209375742091,19.38649239431842,20.314155431275758,17.725271729200728,Day,sunny,location_phx,training_0000-S5-P1_2
294,64.0377358490566,100.0,15.0,33.94,41.0,28.0,12350.838074080215,16469.02279253057,7600.231993651005,19.3195414548908,27.401190674981855,10.944286740865454,3.3683320426025305,3.6352098689356795,2.7265369227340446,Day,sunny,location_sf,training_0003-S20-P0_2
295,86.72222222222223,99.0,54.0,31.535353535353536,34.0,29.0,8357.430099973088,9487.968771142798,7428.8637964237605,7.344030181497244,12.834883248748929,4.668566873701589,0.405064027187532,0.9930501450272887,0.0,Day,sunny,location_sf,training_0003-S20-P1_2
